{
    "1": "ESG Score",
    "2": "ESG Combined Score",
    "3": "ESG Controversies Score",
    "4": "Environment Pillar Score",
    "5": "Governance Pillar Score",
    "6": "Social Pillar Score",
    "7": "Resource Use Score",
    "8": "Emissions Score",
    "9": "Environmental Innovation Score",
    "10": "Workforce Score",
    "11": "Human Rights Score",
    "12": "Community Score",
    "13": "Product Responsibility Score",
    "14": "Management Score",
    "15": "Shareholders Score",
    "16": "CSR Strategy Score"
}